{"cameraMode":{"drawMode":0,"name":"Shaded","section":"Shading Mode"},"sceneLighting":true,"audioPlay":false,"sceneViewState":{"showFog":true,"showMaterialUpdate":false,"showSkybox":true,"showFlares":true,"showImageEffects":true,"showParticleSystems":true},"in2DMode":false,"pivot":{"x":2.8758904933929445,"y":-2.4068822860717775,"z":-4.831158638000488},"rotation":{"x":0.005985073745250702,"y":-0.9883450865745544,"z":0.14666463434696198,"w":0.04034413397312164},"size":5.021831512451172,"orthographic":false}